ENSG00000000003,TSPAN6,adipose tissue,20.50,FPKM,Medium
ENSG00000000003,TSPAN6,adrenal gland,17.60,FPKM,Medium
ENSG00000000003,TSPAN6,appendix,6.40,FPKM,Low
ENSG00000000003,TSPAN6,bone marrow,0.40,FPKM,Not detected
ENSG00000000003,TSPAN6,cerebral cortex,9.30,FPKM,Low
ENSG00000000003,TSPAN6,colon,41.20,FPKM,Medium
ENSG00000000003,TSPAN6,duodenum,20.60,FPKM,Medium
ENSG00000000003,TSPAN6,endometrium,22.30,FPKM,Medium
ENSG00000000003,TSPAN6,esophagus,37.60,FPKM,Medium
ENSG00000000003,TSPAN6,fallopian tube,66.40,FPKM,High
ENSG00000000003,TSPAN6,gallbladder,25.50,FPKM,Medium
ENSG00000000003,TSPAN6,heart muscle,4.30,FPKM,Low
ENSG00000000003,TSPAN6,kidney,34.30,FPKM,Medium
ENSG00000000003,TSPAN6,liver,37.20,FPKM,Medium
ENSG00000000003,TSPAN6,lung,11.70,FPKM,Medium
ENSG00000000003,TSPAN6,lymph node,3.50,FPKM,Low
ENSG00000000003,TSPAN6,ovary,49.00,FPKM,Medium
ENSG00000000003,TSPAN6,pancreas,6.30,FPKM,Low
ENSG00000000003,TSPAN6,placenta,19.10,FPKM,Medium
ENSG00000000003,TSPAN6,prostate,25.60,FPKM,Medium
ENSG00000000003,TSPAN6,rectum,45.00,FPKM,Medium
ENSG00000000003,TSPAN6,salivary gland,36.10,FPKM,Medium
ENSG00000000003,TSPAN6,skeletal muscle,1.10,FPKM,Low
ENSG00000000003,TSPAN6,skin,4.40,FPKM,Low
ENSG00000000003,TSPAN6,small intestine,13.60,FPKM,Medium
ENSG00000000003,TSPAN6,smooth muscle,10.80,FPKM,Medium
ENSG00000000003,TSPAN6,spleen,8.00,FPKM,Low
ENSG00000000003,TSPAN6,stomach,15.10,FPKM,Medium
ENSG00000000003,TSPAN6,testis,47.60,FPKM,Medium
ENSG00000000003,TSPAN6,thyroid gland,26.80,FPKM,Medium
ENSG00000000003,TSPAN6,tonsil,9.20,FPKM,Low
ENSG00000000003,TSPAN6,urinary bladder,47.20,FPKM,Medium
ENSG00000000005,TNMD,adipose tissue,6.80,FPKM,Low
ENSG00000000005,TNMD,adrenal gland,0.10,FPKM,Not detected
ENSG00000000005,TNMD,appendix,0.50,FPKM,Low
ENSG00000000005,TNMD,bone marrow,0.00,FPKM,Not detected
ENSG00000000005,TNMD,cerebral cortex,0.00,FPKM,Not detected
ENSG00000000005,TNMD,colon,0.40,FPKM,Not detected
ENSG00000000005,TNMD,duodenum,0.00,FPKM,Not detected
ENSG00000000005,TNMD,endometrium,0.20,FPKM,Not detected
ENSG00000000005,TNMD,esophagus,0.20,FPKM,Not detected
ENSG00000000005,TNMD,fallopian tube,0.20,FPKM,Not detected
ENSG00000000005,TNMD,gallbladder,0.40,FPKM,Not detected
ENSG00000000005,TNMD,heart muscle,0.40,FPKM,Not detected
ENSG00000000005,TNMD,kidney,0.30,FPKM,Not detected
ENSG00000000005,TNMD,liver,0.00,FPKM,Not detected
ENSG00000000005,TNMD,lung,0.00,FPKM,Not detected
ENSG00000000005,TNMD,lymph node,0.00,FPKM,Not detected
ENSG00000000005,TNMD,ovary,1.50,FPKM,Low
ENSG00000000005,TNMD,pancreas,0.00,FPKM,Not detected
ENSG00000000005,TNMD,placenta,1.80,FPKM,Low
ENSG00000000005,TNMD,prostate,1.00,FPKM,Low
ENSG00000000005,TNMD,rectum,0.40,FPKM,Not detected
ENSG00000000005,TNMD,salivary gland,0.20,FPKM,Not detected
ENSG00000000005,TNMD,skeletal muscle,0.00,FPKM,Not detected
ENSG00000000005,TNMD,skin,0.10,FPKM,Not detected
ENSG00000000005,TNMD,small intestine,0.00,FPKM,Not detected
ENSG00000000005,TNMD,smooth muscle,0.50,FPKM,Low
ENSG00000000005,TNMD,spleen,0.10,FPKM,Not detected
ENSG00000000005,TNMD,stomach,0.00,FPKM,Not detected
ENSG00000000005,TNMD,testis,0.10,FPKM,Not detected
ENSG00000000005,TNMD,thyroid gland,0.00,FPKM,Not detected
ENSG00000000005,TNMD,tonsil,0.10,FPKM,Not detected
ENSG00000000005,TNMD,urinary bladder,0.10,FPKM,Not detected
ENSG00000000419,DPM1,adipose tissue,28.50,FPKM,Medium
ENSG00000000419,DPM1,adrenal gland,44.60,FPKM,Medium
ENSG00000000419,DPM1,appendix,32.50,FPKM,Medium
ENSG00000000419,DPM1,bone marrow,28.60,FPKM,Medium
ENSG00000000419,DPM1,cerebral cortex,18.30,FPKM,Medium
ENSG00000000419,DPM1,colon,32.00,FPKM,Medium
ENSG00000000419,DPM1,duodenum,26.70,FPKM,Medium
ENSG00000000419,DPM1,endometrium,34.90,FPKM,Medium
ENSG00000000419,DPM1,esophagus,36.60,FPKM,Medium
ENSG00000000419,DPM1,fallopian tube,32.70,FPKM,Medium
ENSG00000000419,DPM1,gallbladder,34.10,FPKM,Medium
ENSG00000000419,DPM1,heart muscle,32.60,FPKM,Medium
ENSG00000000419,DPM1,kidney,28.20,FPKM,Medium
ENSG00000000419,DPM1,liver,19.10,FPKM,Medium
ENSG00000000419,DPM1,lung,25.20,FPKM,Medium
ENSG00000000419,DPM1,lymph node,45.40,FPKM,Medium
ENSG00000000419,DPM1,ovary,30.70,FPKM,Medium
ENSG00000000419,DPM1,pancreas,10.60,FPKM,Medium
ENSG00000000419,DPM1,placenta,35.30,FPKM,Medium
ENSG00000000419,DPM1,prostate,29.70,FPKM,Medium
ENSG00000000419,DPM1,rectum,34.70,FPKM,Medium
ENSG00000000419,DPM1,salivary gland,17.30,FPKM,Medium
ENSG00000000419,DPM1,skeletal muscle,13.90,FPKM,Medium
ENSG00000000419,DPM1,skin,22.80,FPKM,Medium
ENSG00000000419,DPM1,small intestine,30.10,FPKM,Medium
ENSG00000000419,DPM1,smooth muscle,30.70,FPKM,Medium
ENSG00000000419,DPM1,spleen,27.50,FPKM,Medium
ENSG00000000419,DPM1,stomach,24.90,FPKM,Medium
ENSG00000000419,DPM1,testis,33.80,FPKM,Medium
ENSG00000000419,DPM1,thyroid gland,44.70,FPKM,Medium
ENSG00000000419,DPM1,tonsil,43.00,FPKM,Medium
ENSG00000000419,DPM1,urinary bladder,40.60,FPKM,Medium
ENSG00000000457,SCYL3,adipose tissue,3.50,FPKM,Low
ENSG00000000457,SCYL3,adrenal gland,4.90,FPKM,Low
ENSG00000000457,SCYL3,appendix,6.30,FPKM,Low
ENSG00000000457,SCYL3,bone marrow,1.50,FPKM,Low
ENSG00000000457,SCYL3,cerebral cortex,3.30,FPKM,Low
ENSG00000000457,SCYL3,colon,6.20,FPKM,Low
ENSG00000000457,SCYL3,duodenum,5.60,FPKM,Low
ENSG00000000457,SCYL3,endometrium,6.10,FPKM,Low
ENSG00000000457,SCYL3,esophagus,5.90,FPKM,Low
ENSG00000000457,SCYL3,fallopian tube,6.60,FPKM,Low
ENSG00000000457,SCYL3,gallbladder,7.10,FPKM,Low
ENSG00000000457,SCYL3,heart muscle,2.60,FPKM,Low
ENSG00000000457,SCYL3,kidney,4.50,FPKM,Low
ENSG00000000457,SCYL3,liver,2.80,FPKM,Low
ENSG00000000457,SCYL3,lung,4.80,FPKM,Low
ENSG00000000457,SCYL3,lymph node,8.10,FPKM,Low
ENSG00000000457,SCYL3,ovary,5.90,FPKM,Low
ENSG00000000457,SCYL3,pancreas,1.30,FPKM,Low
ENSG00000000457,SCYL3,placenta,5.80,FPKM,Low
ENSG00000000457,SCYL3,prostate,6.30,FPKM,Low
ENSG00000000457,SCYL3,rectum,7.70,FPKM,Low
ENSG00000000457,SCYL3,salivary gland,3.70,FPKM,Low
ENSG00000000457,SCYL3,skeletal muscle,1.60,FPKM,Low
ENSG00000000457,SCYL3,skin,4.80,FPKM,Low
ENSG00000000457,SCYL3,small intestine,5.20,FPKM,Low
ENSG00000000457,SCYL3,smooth muscle,5.10,FPKM,Low
ENSG00000000457,SCYL3,spleen,5.40,FPKM,Low
ENSG00000000457,SCYL3,stomach,5.60,FPKM,Low
ENSG00000000457,SCYL3,testis,5.80,FPKM,Low
ENSG00000000457,SCYL3,thyroid gland,6.50,FPKM,Low
ENSG00000000457,SCYL3,tonsil,8.10,FPKM,Low
ENSG00000000457,SCYL3,urinary bladder,7.60,FPKM,Low
ENSG00000000460,C1orf112,adipose tissue,0.60,FPKM,Low
ENSG00000000460,C1orf112,adrenal gland,0.70,FPKM,Low
ENSG00000000460,C1orf112,appendix,1.80,FPKM,Low
ENSG00000000460,C1orf112,bone marrow,2.80,FPKM,Low
ENSG00000000460,C1orf112,cerebral cortex,0.70,FPKM,Low
ENSG00000000460,C1orf112,colon,1.40,FPKM,Low
ENSG00000000460,C1orf112,duodenum,0.50,FPKM,Low
ENSG00000000460,C1orf112,endometrium,1.80,FPKM,Low
ENSG00000000460,C1orf112,esophagus,1.20,FPKM,Low
ENSG00000000460,C1orf112,fallopian tube,0.90,FPKM,Low
ENSG00000000460,C1orf112,gallbladder,0.70,FPKM,Low
ENSG00000000460,C1orf112,heart muscle,0.10,FPKM,Not detected
ENSG00000000460,C1orf112,kidney,0.30,FPKM,Not detected
ENSG00000000460,C1orf112,liver,0.70,FPKM,Low
ENSG00000000460,C1orf112,lung,0.70,FPKM,Low
ENSG00000000460,C1orf112,lymph node,3.30,FPKM,Low
ENSG00000000460,C1orf112,ovary,0.80,FPKM,Low
ENSG00000000460,C1orf112,pancreas,0.10,FPKM,Not detected
ENSG00000000460,C1orf112,placenta,1.80,FPKM,Low
ENSG00000000460,C1orf112,prostate,1.20,FPKM,Low
ENSG00000000460,C1orf112,rectum,2.20,FPKM,Low
ENSG00000000460,C1orf112,salivary gland,0.20,FPKM,Not detected
ENSG00000000460,C1orf112,skeletal muscle,0.10,FPKM,Not detected
ENSG00000000460,C1orf112,skin,1.20,FPKM,Low
ENSG00000000460,C1orf112,small intestine,0.80,FPKM,Low
ENSG00000000460,C1orf112,smooth muscle,1.40,FPKM,Low
ENSG00000000460,C1orf112,spleen,1.30,FPKM,Low
ENSG00000000460,C1orf112,stomach,1.10,FPKM,Low
ENSG00000000460,C1orf112,testis,7.80,FPKM,Low
ENSG00000000460,C1orf112,thyroid gland,0.80,FPKM,Low
ENSG00000000460,C1orf112,tonsil,3.50,FPKM,Low
ENSG00000000460,C1orf112,urinary bladder,1.90,FPKM,Low
ENSG00000000938,FGR,adipose tissue,16.20,FPKM,Medium
ENSG00000000938,FGR,adrenal gland,3.10,FPKM,Low
ENSG00000000938,FGR,appendix,51.00,FPKM,High
ENSG00000000938,FGR,bone marrow,94.70,FPKM,High
ENSG00000000938,FGR,cerebral cortex,1.60,FPKM,Low
ENSG00000000938,FGR,colon,3.30,FPKM,Low
ENSG00000000938,FGR,duodenum,2.60,FPKM,Low
ENSG00000000938,FGR,endometrium,4.60,FPKM,Low
ENSG00000000938,FGR,esophagus,4.00,FPKM,Low
ENSG00000000938,FGR,fallopian tube,4.40,FPKM,Low
ENSG00000000938,FGR,gallbladder,10.90,FPKM,Medium
ENSG00000000938,FGR,heart muscle,1.40,FPKM,Low
ENSG00000000938,FGR,kidney,1.40,FPKM,Low
ENSG00000000938,FGR,liver,2.50,FPKM,Low
ENSG00000000938,FGR,lung,26.40,FPKM,Medium
ENSG00000000938,FGR,lymph node,21.50,FPKM,Medium
ENSG00000000938,FGR,ovary,0.90,FPKM,Low
ENSG00000000938,FGR,pancreas,1.00,FPKM,Low
ENSG00000000938,FGR,placenta,5.50,FPKM,Low
ENSG00000000938,FGR,prostate,2.00,FPKM,Low
ENSG00000000938,FGR,rectum,3.10,FPKM,Low
ENSG00000000938,FGR,salivary gland,1.40,FPKM,Low
ENSG00000000938,FGR,skeletal muscle,0.50,FPKM,Low
ENSG00000000938,FGR,skin,1.80,FPKM,Low
ENSG00000000938,FGR,small intestine,4.20,FPKM,Low
ENSG00000000938,FGR,smooth muscle,12.50,FPKM,Medium
ENSG00000000938,FGR,spleen,54.30,FPKM,High
ENSG00000000938,FGR,stomach,3.20,FPKM,Low
ENSG00000000938,FGR,testis,1.90,FPKM,Low
ENSG00000000938,FGR,thyroid gland,2.00,FPKM,Low
ENSG00000000938,FGR,tonsil,15.30,FPKM,Medium
ENSG00000000938,FGR,urinary bladder,12.20,FPKM,Medium
ENSG00000000971,CFH,adipose tissue,44.00,FPKM,Medium
ENSG00000000971,CFH,adrenal gland,32.50,FPKM,Medium
ENSG00000000971,CFH,appendix,27.20,FPKM,Medium
ENSG00000000971,CFH,bone marrow,0.60,FPKM,Low
ENSG00000000971,CFH,cerebral cortex,5.60,FPKM,Low
ENSG00000000971,CFH,colon,43.80,FPKM,Medium
ENSG00000000971,CFH,duodenum,20.10,FPKM,Medium
ENSG00000000971,CFH,endometrium,10.40,FPKM,Medium
ENSG00000000971,CFH,esophagus,45.40,FPKM,Medium
ENSG00000000971,CFH,fallopian tube,10.40,FPKM,Medium
ENSG00000000971,CFH,gallbladder,115.30,FPKM,High
ENSG00000000971,CFH,heart muscle,51.20,FPKM,High
ENSG00000000971,CFH,kidney,12.90,FPKM,Medium
ENSG00000000971,CFH,liver,509.80,FPKM,High
ENSG00000000971,CFH,lung,36.00,FPKM,Medium
ENSG00000000971,CFH,lymph node,20.90,FPKM,Medium
ENSG00000000971,CFH,ovary,85.30,FPKM,High
ENSG00000000971,CFH,pancreas,2.80,FPKM,Low
ENSG00000000971,CFH,placenta,13.40,FPKM,Medium
ENSG00000000971,CFH,prostate,18.40,FPKM,Medium
ENSG00000000971,CFH,rectum,59.70,FPKM,High
ENSG00000000971,CFH,salivary gland,12.40,FPKM,Medium
ENSG00000000971,CFH,skeletal muscle,2.50,FPKM,Low
ENSG00000000971,CFH,skin,25.80,FPKM,Medium
ENSG00000000971,CFH,small intestine,34.50,FPKM,Medium
ENSG00000000971,CFH,smooth muscle,23.10,FPKM,Medium
ENSG00000000971,CFH,spleen,8.50,FPKM,Low
ENSG00000000971,CFH,stomach,32.20,FPKM,Medium
ENSG00000000971,CFH,testis,14.40,FPKM,Medium
ENSG00000000971,CFH,thyroid gland,25.20,FPKM,Medium
ENSG00000000971,CFH,tonsil,18.80,FPKM,Medium
ENSG00000000971,CFH,urinary bladder,83.30,FPKM,High
ENSG00000001036,FUCA2,adipose tissue,20.50,FPKM,Medium
ENSG00000001036,FUCA2,adrenal gland,29.00,FPKM,Medium
ENSG00000001036,FUCA2,appendix,21.80,FPKM,Medium
ENSG00000001036,FUCA2,bone marrow,12.10,FPKM,Medium
ENSG00000001036,FUCA2,cerebral cortex,7.90,FPKM,Low
ENSG00000001036,FUCA2,colon,35.10,FPKM,Medium
ENSG00000001036,FUCA2,duodenum,29.60,FPKM,Medium
ENSG00000001036,FUCA2,endometrium,23.00,FPKM,Medium
ENSG00000001036,FUCA2,esophagus,11.50,FPKM,Medium
ENSG00000001036,FUCA2,fallopian tube,23.50,FPKM,Medium
ENSG00000001036,FUCA2,gallbladder,27.10,FPKM,Medium
ENSG00000001036,FUCA2,heart muscle,14.20,FPKM,Medium
ENSG00000001036,FUCA2,kidney,30.50,FPKM,Medium
ENSG00000001036,FUCA2,liver,18.10,FPKM,Medium
ENSG00000001036,FUCA2,lung,21.70,FPKM,Medium
ENSG00000001036,FUCA2,lymph node,13.90,FPKM,Medium
ENSG00000001036,FUCA2,ovary,24.30,FPKM,Medium
ENSG00000001036,FUCA2,pancreas,7.40,FPKM,Low
ENSG00000001036,FUCA2,placenta,38.20,FPKM,Medium
ENSG00000001036,FUCA2,prostate,18.40,FPKM,Medium
ENSG00000001036,FUCA2,rectum,43.10,FPKM,Medium
ENSG00000001036,FUCA2,salivary gland,7.40,FPKM,Low
ENSG00000001036,FUCA2,skeletal muscle,1.60,FPKM,Low
ENSG00000001036,FUCA2,skin,5.70,FPKM,Low
ENSG00000001036,FUCA2,small intestine,28.90,FPKM,Medium
ENSG00000001036,FUCA2,smooth muscle,22.80,FPKM,Medium
ENSG00000001036,FUCA2,spleen,18.80,FPKM,Medium
ENSG00000001036,FUCA2,stomach,27.30,FPKM,Medium
ENSG00000001036,FUCA2,testis,12.50,FPKM,Medium
ENSG00000001036,FUCA2,thyroid gland,28.20,FPKM,Medium
ENSG00000001036,FUCA2,tonsil,13.90,FPKM,Medium
ENSG00000001036,FUCA2,urinary bladder,28.90,FPKM,Medium
ENSG00000001084,GCLC,adipose tissue,16.50,FPKM,Medium
ENSG00000001084,GCLC,adrenal gland,11.80,FPKM,Medium
ENSG00000001084,GCLC,appendix,10.90,FPKM,Medium
ENSG00000001084,GCLC,bone marrow,14.10,FPKM,Medium
ENSG00000001084,GCLC,cerebral cortex,20.10,FPKM,Medium
ENSG00000001084,GCLC,colon,14.90,FPKM,Medium
ENSG00000001084,GCLC,duodenum,26.10,FPKM,Medium
ENSG00000001084,GCLC,endometrium,14.90,FPKM,Medium
ENSG00000001084,GCLC,esophagus,24.40,FPKM,Medium
ENSG00000001084,GCLC,fallopian tube,51.90,FPKM,High
ENSG00000001084,GCLC,gallbladder,19.20,FPKM,Medium
ENSG00000001084,GCLC,heart muscle,7.10,FPKM,Low
ENSG00000001084,GCLC,kidney,15.40,FPKM,Medium
ENSG00000001084,GCLC,liver,47.70,FPKM,Medium
ENSG00000001084,GCLC,lung,6.70,FPKM,Low
ENSG00000001084,GCLC,lymph node,16.00,FPKM,Medium
ENSG00000001084,GCLC,ovary,4.80,FPKM,Low
ENSG00000001084,GCLC,pancreas,2.50,FPKM,Low
ENSG00000001084,GCLC,placenta,5.10,FPKM,Low
ENSG00000001084,GCLC,prostate,15.50,FPKM,Medium
ENSG00000001084,GCLC,rectum,16.00,FPKM,Medium
ENSG00000001084,GCLC,salivary gland,5.20,FPKM,Low
ENSG00000001084,GCLC,skeletal muscle,1.80,FPKM,Low
ENSG00000001084,GCLC,skin,7.40,FPKM,Low
ENSG00000001084,GCLC,small intestine,18.30,FPKM,Medium
ENSG00000001084,GCLC,smooth muscle,11.90,FPKM,Medium
ENSG00000001084,GCLC,spleen,24.80,FPKM,Medium
ENSG00000001084,GCLC,stomach,18.80,FPKM,Medium
ENSG00000001084,GCLC,testis,8.70,FPKM,Low
ENSG00000001084,GCLC,thyroid gland,22.50,FPKM,Medium
ENSG00000001084,GCLC,tonsil,15.50,FPKM,Medium
ENSG00000001084,GCLC,urinary bladder,27.90,FPKM,Medium
ENSG00000001167,NFYA,adipose tissue,7.50,FPKM,Low
ENSG00000001167,NFYA,adrenal gland,6.80,FPKM,Low
ENSG00000001167,NFYA,appendix,11.90,FPKM,Medium
ENSG00000001167,NFYA,bone marrow,20.90,FPKM,Medium
ENSG00000001167,NFYA,cerebral cortex,9.70,FPKM,Low
ENSG00000001167,NFYA,colon,9.10,FPKM,Low
ENSG00000001167,NFYA,duodenum,7.20,FPKM,Low
ENSG00000001167,NFYA,endometrium,13.50,FPKM,Medium
ENSG00000001167,NFYA,esophagus,7.80,FPKM,Low
ENSG00000001167,NFYA,fallopian tube,12.00,FPKM,Medium
ENSG00000001167,NFYA,gallbladder,11.80,FPKM,Medium
ENSG00000001167,NFYA,heart muscle,3.90,FPKM,Low
ENSG00000001167,NFYA,kidney,6.40,FPKM,Low
ENSG00000001167,NFYA,liver,4.90,FPKM,Low
ENSG00000001167,NFYA,lung,9.20,FPKM,Low
ENSG00000001167,NFYA,lymph node,16.50,FPKM,Medium
ENSG00000001167,NFYA,ovary,15.20,FPKM,Medium
ENSG00000001167,NFYA,pancreas,2.40,FPKM,Low
ENSG00000001167,NFYA,placenta,10.30,FPKM,Medium
ENSG00000001167,NFYA,prostate,10.00,FPKM,Medium
ENSG00000001167,NFYA,rectum,11.90,FPKM,Medium
ENSG00000001167,NFYA,salivary gland,4.40,FPKM,Low
ENSG00000001167,NFYA,skeletal muscle,1.60,FPKM,Low
ENSG00000001167,NFYA,skin,7.40,FPKM,Low
ENSG00000001167,NFYA,small intestine,8.40,FPKM,Low
ENSG00000001167,NFYA,smooth muscle,9.00,FPKM,Low
ENSG00000001167,NFYA,spleen,10.80,FPKM,Medium
ENSG00000001167,NFYA,stomach,9.00,FPKM,Low
ENSG00000001167,NFYA,testis,36.70,FPKM,Medium
ENSG00000001167,NFYA,thyroid gland,16.90,FPKM,Medium
ENSG00000001167,NFYA,tonsil,17.10,FPKM,Medium
ENSG00000001167,NFYA,urinary bladder,12.10,FPKM,Medium
ENSG00000001460,STPG1,adipose tissue,3.20,FPKM,Low
ENSG00000001460,STPG1,adrenal gland,2.80,FPKM,Low
ENSG00000001460,STPG1,appendix,2.10,FPKM,Low
ENSG00000001460,STPG1,bone marrow,1.00,FPKM,Low
ENSG00000001460,STPG1,cerebral cortex,5.40,FPKM,Low
ENSG00000001460,STPG1,colon,5.20,FPKM,Low
ENSG00000001460,STPG1,duodenum,2.70,FPKM,Low
ENSG00000001460,STPG1,endometrium,3.40,FPKM,Low
ENSG00000001460,STPG1,esophagus,2.60,FPKM,Low
ENSG00000001460,STPG1,fallopian tube,17.60,FPKM,Medium
ENSG00000001460,STPG1,gallbladder,3.30,FPKM,Low
ENSG00000001460,STPG1,heart muscle,1.70,FPKM,Low
ENSG00000001460,STPG1,kidney,3.20,FPKM,Low
ENSG00000001460,STPG1,liver,0.60,FPKM,Low
ENSG00000001460,STPG1,lung,4.50,FPKM,Low
ENSG00000001460,STPG1,lymph node,2.00,FPKM,Low
ENSG00000001460,STPG1,ovary,3.60,FPKM,Low
ENSG00000001460,STPG1,pancreas,0.80,FPKM,Low
ENSG00000001460,STPG1,placenta,1.10,FPKM,Low
ENSG00000001460,STPG1,prostate,3.50,FPKM,Low
ENSG00000001460,STPG1,rectum,4.50,FPKM,Low
ENSG00000001460,STPG1,salivary gland,1.30,FPKM,Low
ENSG00000001460,STPG1,skeletal muscle,0.40,FPKM,Not detected
ENSG00000001460,STPG1,skin,2.50,FPKM,Low
ENSG00000001460,STPG1,small intestine,3.50,FPKM,Low
ENSG00000001460,STPG1,smooth muscle,4.30,FPKM,Low
ENSG00000001460,STPG1,spleen,1.70,FPKM,Low
ENSG00000001460,STPG1,stomach,2.70,FPKM,Low
ENSG00000001460,STPG1,testis,24.70,FPKM,Medium
ENSG00000001460,STPG1,thyroid gland,4.60,FPKM,Low
ENSG00000001460,STPG1,tonsil,2.40,FPKM,Low
ENSG00000001460,STPG1,urinary bladder,3.30,FPKM,Low
ENSG00000001461,NIPAL3,adipose tissue,6.60,FPKM,Low
ENSG00000001461,NIPAL3,adrenal gland,6.80,FPKM,Low
ENSG00000001461,NIPAL3,appendix,8.20,FPKM,Low
ENSG00000001461,NIPAL3,bone marrow,4.20,FPKM,Low
ENSG00000001461,NIPAL3,cerebral cortex,38.90,FPKM,Medium
ENSG00000001461,NIPAL3,colon,13.40,FPKM,Medium
ENSG00000001461,NIPAL3,duodenum,9.30,FPKM,Low
ENSG00000001461,NIPAL3,endometrium,6.30,FPKM,Low
ENSG00000001461,NIPAL3,esophagus,13.80,FPKM,Medium
ENSG00000001461,NIPAL3,fallopian tube,17.60,FPKM,Medium
ENSG00000001461,NIPAL3,gallbladder,10.30,FPKM,Medium
ENSG00000001461,NIPAL3,heart muscle,8.70,FPKM,Low
ENSG00000001461,NIPAL3,kidney,12.00,FPKM,Medium
ENSG00000001461,NIPAL3,liver,0.90,FPKM,Low
ENSG00000001461,NIPAL3,lung,14.90,FPKM,Medium
ENSG00000001461,NIPAL3,lymph node,10.80,FPKM,Medium
ENSG00000001461,NIPAL3,ovary,7.30,FPKM,Low
ENSG00000001461,NIPAL3,pancreas,4.20,FPKM,Low
ENSG00000001461,NIPAL3,placenta,3.50,FPKM,Low
ENSG00000001461,NIPAL3,prostate,43.80,FPKM,Medium
ENSG00000001461,NIPAL3,rectum,12.50,FPKM,Medium
ENSG00000001461,NIPAL3,salivary gland,8.40,FPKM,Low
ENSG00000001461,NIPAL3,skeletal muscle,1.70,FPKM,Low
ENSG00000001461,NIPAL3,skin,8.70,FPKM,Low
ENSG00000001461,NIPAL3,small intestine,11.20,FPKM,Medium
ENSG00000001461,NIPAL3,smooth muscle,11.30,FPKM,Medium
ENSG00000001461,NIPAL3,spleen,7.20,FPKM,Low
ENSG00000001461,NIPAL3,stomach,11.30,FPKM,Medium
ENSG00000001461,NIPAL3,testis,5.80,FPKM,Low
ENSG00000001461,NIPAL3,thyroid gland,32.50,FPKM,Medium
ENSG00000001461,NIPAL3,tonsil,11.30,FPKM,Medium
ENSG00000001461,NIPAL3,urinary bladder,13.10,FPKM,Medium
ENSG00000001497,LAS1L,adipose tissue,10.30,FPKM,Medium
ENSG00000001497,LAS1L,adrenal gland,9.80,FPKM,Low
ENSG00000001497,LAS1L,appendix,14.00,FPKM,Medium
ENSG00000001497,LAS1L,bone marrow,13.70,FPKM,Medium
ENSG00000001497,LAS1L,cerebral cortex,10.80,FPKM,Medium
ENSG00000001497,LAS1L,colon,10.50,FPKM,Medium
ENSG00000001497,LAS1L,duodenum,7.40,FPKM,Low
ENSG00000001497,LAS1L,endometrium,15.60,FPKM,Medium
ENSG00000001497,LAS1L,esophagus,12.20,FPKM,Medium
ENSG00000001497,LAS1L,fallopian tube,20.40,FPKM,Medium
ENSG00000001497,LAS1L,gallbladder,9.90,FPKM,Low
ENSG00000001497,LAS1L,heart muscle,6.10,FPKM,Low
ENSG00000001497,LAS1L,kidney,10.80,FPKM,Medium
ENSG00000001497,LAS1L,liver,7.70,FPKM,Low
ENSG00000001497,LAS1L,lung,11.50,FPKM,Medium
ENSG00000001497,LAS1L,lymph node,17.70,FPKM,Medium
ENSG00000001497,LAS1L,ovary,16.20,FPKM,Medium
ENSG00000001497,LAS1L,pancreas,3.00,FPKM,Low
ENSG00000001497,LAS1L,placenta,11.10,FPKM,Medium
ENSG00000001497,LAS1L,prostate,11.20,FPKM,Medium
ENSG00000001497,LAS1L,rectum,11.80,FPKM,Medium
ENSG00000001497,LAS1L,salivary gland,8.40,FPKM,Low
ENSG00000001497,LAS1L,skeletal muscle,3.00,FPKM,Low
ENSG00000001497,LAS1L,skin,14.80,FPKM,Medium
ENSG00000001497,LAS1L,small intestine,8.00,FPKM,Low
ENSG00000001497,LAS1L,smooth muscle,13.70,FPKM,Medium
ENSG00000001497,LAS1L,spleen,13.70,FPKM,Medium
ENSG00000001497,LAS1L,stomach,9.20,FPKM,Low
ENSG00000001497,LAS1L,testis,19.20,FPKM,Medium
ENSG00000001497,LAS1L,thyroid gland,12.20,FPKM,Medium
ENSG00000001497,LAS1L,tonsil,19.20,FPKM,Medium
ENSG00000001497,LAS1L,urinary bladder,10.90,FPKM,Medium
ENSG00000001561,ENPP4,adipose tissue,11.00,FPKM,Medium
ENSG00000001561,ENPP4,adrenal gland,12.20,FPKM,Medium
ENSG00000001561,ENPP4,appendix,7.00,FPKM,Low
ENSG00000001561,ENPP4,bone marrow,19.40,FPKM,Medium
ENSG00000001561,ENPP4,cerebral cortex,17.10,FPKM,Medium
ENSG00000001561,ENPP4,colon,10.20,FPKM,Medium
ENSG00000001561,ENPP4,duodenum,8.70,FPKM,Low
ENSG00000001561,ENPP4,endometrium,3.90,FPKM,Low
ENSG00000001561,ENPP4,esophagus,4.30,FPKM,Low
ENSG00000001561,ENPP4,fallopian tube,11.30,FPKM,Medium
ENSG00000001561,ENPP4,gallbladder,8.00,FPKM,Low
ENSG00000001561,ENPP4,heart muscle,8.00,FPKM,Low
ENSG00000001561,ENPP4,kidney,12.70,FPKM,Medium
ENSG00000001561,ENPP4,liver,2.80,FPKM,Low
ENSG00000001561,ENPP4,lung,16.80,FPKM,Medium
ENSG00000001561,ENPP4,lymph node,6.60,FPKM,Low
ENSG00000001561,ENPP4,ovary,1.80,FPKM,Low
ENSG00000001561,ENPP4,pancreas,2.50,FPKM,Low
ENSG00000001561,ENPP4,placenta,2.80,FPKM,Low
ENSG00000001561,ENPP4,prostate,15.00,FPKM,Medium
ENSG00000001561,ENPP4,rectum,10.70,FPKM,Medium
ENSG00000001561,ENPP4,salivary gland,10.40,FPKM,Medium
ENSG00000001561,ENPP4,skeletal muscle,5.80,FPKM,Low
ENSG00000001561,ENPP4,skin,0.90,FPKM,Low
ENSG00000001561,ENPP4,small intestine,8.30,FPKM,Low
ENSG00000001561,ENPP4,smooth muscle,5.80,FPKM,Low
ENSG00000001561,ENPP4,spleen,10.40,FPKM,Medium
ENSG00000001561,ENPP4,stomach,8.60,FPKM,Low
ENSG00000001561,ENPP4,testis,7.90,FPKM,Low
ENSG00000001561,ENPP4,thyroid gland,10.80,FPKM,Medium
ENSG00000001561,ENPP4,tonsil,5.40,FPKM,Low
ENSG00000001561,ENPP4,urinary bladder,6.80,FPKM,Low
ENSG00000001617,SEMA3F,adipose tissue,13.90,FPKM,Medium
ENSG00000001617,SEMA3F,adrenal gland,3.60,FPKM,Low
ENSG00000001617,SEMA3F,appendix,7.80,FPKM,Low
ENSG00000001617,SEMA3F,bone marrow,0.90,FPKM,Low
ENSG00000001617,SEMA3F,cerebral cortex,1.00,FPKM,Low
ENSG00000001617,SEMA3F,colon,6.90,FPKM,Low
ENSG00000001617,SEMA3F,duodenum,8.80,FPKM,Low
ENSG00000001617,SEMA3F,endometrium,7.20,FPKM,Low
ENSG00000001617,SEMA3F,esophagus,44.10,FPKM,Medium
ENSG00000001617,SEMA3F,fallopian tube,16.20,FPKM,Medium
ENSG00000001617,SEMA3F,gallbladder,9.80,FPKM,Low
ENSG00000001617,SEMA3F,heart muscle,4.90,FPKM,Low
ENSG00000001617,SEMA3F,kidney,11.60,FPKM,Medium
ENSG00000001617,SEMA3F,liver,0.90,FPKM,Low
ENSG00000001617,SEMA3F,lung,16.70,FPKM,Medium
ENSG00000001617,SEMA3F,lymph node,2.90,FPKM,Low
ENSG00000001617,SEMA3F,ovary,1.10,FPKM,Low
ENSG00000001617,SEMA3F,pancreas,1.40,FPKM,Low
ENSG00000001617,SEMA3F,placenta,29.00,FPKM,Medium
ENSG00000001617,SEMA3F,prostate,14.60,FPKM,Medium
ENSG00000001617,SEMA3F,rectum,4.70,FPKM,Low
ENSG00000001617,SEMA3F,salivary gland,9.50,FPKM,Low
ENSG00000001617,SEMA3F,skeletal muscle,1.90,FPKM,Low
ENSG00000001617,SEMA3F,skin,49.30,FPKM,Medium
ENSG00000001617,SEMA3F,small intestine,9.10,FPKM,Low
ENSG00000001617,SEMA3F,smooth muscle,7.60,FPKM,Low
ENSG00000001617,SEMA3F,spleen,22.10,FPKM,Medium
ENSG00000001617,SEMA3F,stomach,12.60,FPKM,Medium
ENSG00000001617,SEMA3F,testis,1.80,FPKM,Low
ENSG00000001617,SEMA3F,thyroid gland,16.50,FPKM,Medium
ENSG00000001617,SEMA3F,tonsil,9.90,FPKM,Low
ENSG00000001617,SEMA3F,urinary bladder,20.90,FPKM,Medium
ENSG00000001626,CFTR,adipose tissue,0.20,FPKM,Not detected
ENSG00000001626,CFTR,adrenal gland,0.00,FPKM,Not detected
ENSG00000001626,CFTR,appendix,4.30,FPKM,Low
ENSG00000001626,CFTR,bone marrow,0.00,FPKM,Not detected
ENSG00000001626,CFTR,cerebral cortex,0.20,FPKM,Not detected
ENSG00000001626,CFTR,colon,35.90,FPKM,Medium
ENSG00000001626,CFTR,duodenum,29.10,FPKM,Medium
ENSG00000001626,CFTR,endometrium,1.10,FPKM,Low
ENSG00000001626,CFTR,esophagus,0.50,FPKM,Low
ENSG00000001626,CFTR,fallopian tube,2.10,FPKM,Low
ENSG00000001626,CFTR,gallbladder,51.10,FPKM,High
ENSG00000001626,CFTR,heart muscle,0.00,FPKM,Not detected
ENSG00000001626,CFTR,kidney,0.60,FPKM,Low
ENSG00000001626,CFTR,liver,0.60,FPKM,Low
ENSG00000001626,CFTR,lung,6.60,FPKM,Low
ENSG00000001626,CFTR,lymph node,0.00,FPKM,Not detected
ENSG00000001626,CFTR,ovary,0.00,FPKM,Not detected
ENSG00000001626,CFTR,pancreas,41.70,FPKM,Medium
ENSG00000001626,CFTR,placenta,0.20,FPKM,Not detected
ENSG00000001626,CFTR,prostate,1.40,FPKM,Low
ENSG00000001626,CFTR,rectum,36.90,FPKM,Medium
ENSG00000001626,CFTR,salivary gland,9.80,FPKM,Low
ENSG00000001626,CFTR,skeletal muscle,0.00,FPKM,Not detected
ENSG00000001626,CFTR,skin,0.10,FPKM,Not detected
ENSG00000001626,CFTR,small intestine,15.20,FPKM,Medium
ENSG00000001626,CFTR,smooth muscle,1.80,FPKM,Low
ENSG00000001626,CFTR,spleen,0.00,FPKM,Not detected
ENSG00000001626,CFTR,stomach,2.90,FPKM,Low
ENSG00000001626,CFTR,testis,0.80,FPKM,Low
ENSG00000001626,CFTR,thyroid gland,0.00,FPKM,Not detected
ENSG00000001626,CFTR,tonsil,0.30,FPKM,Not detected
ENSG00000001626,CFTR,urinary bladder,1.30,FPKM,Low
ENSG00000001629,ANKIB1,adipose tissue,9.60,FPKM,Low
ENSG00000001629,ANKIB1,adrenal gland,10.00,FPKM,Medium
ENSG00000001629,ANKIB1,appendix,10.10,FPKM,Medium
ENSG00000001629,ANKIB1,bone marrow,3.40,FPKM,Low
ENSG00000001629,ANKIB1,cerebral cortex,18.50,FPKM,Medium
ENSG00000001629,ANKIB1,colon,10.30,FPKM,Medium
ENSG00000001629,ANKIB1,duodenum,9.20,FPKM,Low
ENSG00000001629,ANKIB1,endometrium,12.30,FPKM,Medium
ENSG00000001629,ANKIB1,esophagus,10.60,FPKM,Medium
ENSG00000001629,ANKIB1,fallopian tube,10.80,FPKM,Medium
ENSG00000001629,ANKIB1,gallbladder,15.30,FPKM,Medium
ENSG00000001629,ANKIB1,heart muscle,5.70,FPKM,Low
ENSG00000001629,ANKIB1,kidney,16.90,FPKM,Medium
ENSG00000001629,ANKIB1,liver,3.90,FPKM,Low
ENSG00000001629,ANKIB1,lung,9.10,FPKM,Low
ENSG00000001629,ANKIB1,lymph node,12.20,FPKM,Medium
ENSG00000001629,ANKIB1,ovary,10.70,FPKM,Medium
ENSG00000001629,ANKIB1,pancreas,2.90,FPKM,Low
ENSG00000001629,ANKIB1,placenta,9.40,FPKM,Low
ENSG00000001629,ANKIB1,prostate,8.70,FPKM,Low
ENSG00000001629,ANKIB1,rectum,11.20,FPKM,Medium
ENSG00000001629,ANKIB1,salivary gland,7.00,FPKM,Low
ENSG00000001629,ANKIB1,skeletal muscle,2.10,FPKM,Low
ENSG00000001629,ANKIB1,skin,10.90,FPKM,Medium
ENSG00000001629,ANKIB1,small intestine,10.10,FPKM,Medium
ENSG00000001629,ANKIB1,smooth muscle,12.00,FPKM,Medium
ENSG00000001629,ANKIB1,spleen,10.10,FPKM,Medium
ENSG00000001629,ANKIB1,stomach,8.40,FPKM,Low
ENSG00000001629,ANKIB1,testis,19.60,FPKM,Medium
ENSG00000001629,ANKIB1,thyroid gland,17.00,FPKM,Medium
ENSG00000001629,ANKIB1,tonsil,10.40,FPKM,Medium
ENSG00000001629,ANKIB1,urinary bladder,14.10,FPKM,Medium
ENSG00000001630,CYP51A1,adipose tissue,9.60,FPKM,Low
ENSG00000001630,CYP51A1,adrenal gland,35.40,FPKM,Medium
ENSG00000001630,CYP51A1,appendix,12.80,FPKM,Medium
ENSG00000001630,CYP51A1,bone marrow,10.00,FPKM,Medium
ENSG00000001630,CYP51A1,cerebral cortex,34.50,FPKM,Medium
ENSG00000001630,CYP51A1,colon,32.10,FPKM,Medium
ENSG00000001630,CYP51A1,duodenum,47.50,FPKM,Medium
ENSG00000001630,CYP51A1,endometrium,13.50,FPKM,Medium
ENSG00000001630,CYP51A1,esophagus,19.10,FPKM,Medium
ENSG00000001630,CYP51A1,fallopian tube,11.00,FPKM,Medium
ENSG00000001630,CYP51A1,gallbladder,14.90,FPKM,Medium
ENSG00000001630,CYP51A1,heart muscle,6.90,FPKM,Low
ENSG00000001630,CYP51A1,kidney,16.50,FPKM,Medium
ENSG00000001630,CYP51A1,liver,63.60,FPKM,High
ENSG00000001630,CYP51A1,lung,34.70,FPKM,Medium
ENSG00000001630,CYP51A1,lymph node,7.10,FPKM,Low
ENSG00000001630,CYP51A1,ovary,15.80,FPKM,Medium
ENSG00000001630,CYP51A1,pancreas,7.00,FPKM,Low
ENSG00000001630,CYP51A1,placenta,11.40,FPKM,Medium
ENSG00000001630,CYP51A1,prostate,27.30,FPKM,Medium
ENSG00000001630,CYP51A1,rectum,22.40,FPKM,Medium
ENSG00000001630,CYP51A1,salivary gland,5.20,FPKM,Low
ENSG00000001630,CYP51A1,skeletal muscle,1.40,FPKM,Low
ENSG00000001630,CYP51A1,skin,8.20,FPKM,Low
ENSG00000001630,CYP51A1,small intestine,21.80,FPKM,Medium
ENSG00000001630,CYP51A1,smooth muscle,10.60,FPKM,Medium
ENSG00000001630,CYP51A1,spleen,7.90,FPKM,Low
ENSG00000001630,CYP51A1,stomach,25.60,FPKM,Medium
ENSG00000001630,CYP51A1,testis,47.70,FPKM,Medium
ENSG00000001630,CYP51A1,thyroid gland,17.60,FPKM,Medium
ENSG00000001630,CYP51A1,tonsil,8.70,FPKM,Low
ENSG00000001630,CYP51A1,urinary bladder,10.80,FPKM,Medium
ENSG00000001631,KRIT1,adipose tissue,9.30,FPKM,Low
ENSG00000001631,KRIT1,adrenal gland,12.00,FPKM,Medium
ENSG00000001631,KRIT1,appendix,14.50,FPKM,Medium
ENSG00000001631,KRIT1,bone marrow,3.50,FPKM,Low
ENSG00000001631,KRIT1,cerebral cortex,14.00,FPKM,Medium
ENSG00000001631,KRIT1,colon,10.40,FPKM,Medium
ENSG00000001631,KRIT1,duodenum,11.90,FPKM,Medium
ENSG00000001631,KRIT1,endometrium,17.50,FPKM,Medium
ENSG00000001631,KRIT1,esophagus,12.10,FPKM,Medium
ENSG00000001631,KRIT1,fallopian tube,16.60,FPKM,Medium
ENSG00000001631,KRIT1,gallbladder,16.80,FPKM,Medium
ENSG00000001631,KRIT1,heart muscle,11.10,FPKM,Medium
ENSG00000001631,KRIT1,kidney,11.90,FPKM,Medium
ENSG00000001631,KRIT1,liver,5.00,FPKM,Low
ENSG00000001631,KRIT1,lung,12.20,FPKM,Medium
ENSG00000001631,KRIT1,lymph node,13.20,FPKM,Medium
ENSG00000001631,KRIT1,ovary,18.60,FPKM,Medium
ENSG00000001631,KRIT1,pancreas,3.20,FPKM,Low
ENSG00000001631,KRIT1,placenta,13.10,FPKM,Medium
ENSG00000001631,KRIT1,prostate,12.20,FPKM,Medium
ENSG00000001631,KRIT1,rectum,11.60,FPKM,Medium
ENSG00000001631,KRIT1,salivary gland,7.00,FPKM,Low
ENSG00000001631,KRIT1,skeletal muscle,4.70,FPKM,Low
ENSG00000001631,KRIT1,skin,9.50,FPKM,Low
ENSG00000001631,KRIT1,small intestine,10.30,FPKM,Medium
ENSG00000001631,KRIT1,smooth muscle,13.20,FPKM,Medium
ENSG00000001631,KRIT1,spleen,13.30,FPKM,Medium
ENSG00000001631,KRIT1,stomach,11.00,FPKM,Medium
ENSG00000001631,KRIT1,testis,24.90,FPKM,Medium
ENSG00000001631,KRIT1,thyroid gland,23.50,FPKM,Medium
ENSG00000001631,KRIT1,tonsil,15.10,FPKM,Medium
ENSG00000001631,KRIT1,urinary bladder,15.90,FPKM,Medium
ENSG00000002016,RAD52,adipose tissue,2.40,FPKM,Low
ENSG00000002016,RAD52,adrenal gland,2.30,FPKM,Low
ENSG00000002016,RAD52,appendix,4.00,FPKM,Low
ENSG00000002016,RAD52,bone marrow,1.30,FPKM,Low
ENSG00000002016,RAD52,cerebral cortex,2.70,FPKM,Low
ENSG00000002016,RAD52,colon,4.60,FPKM,Low
ENSG00000002016,RAD52,duodenum,4.20,FPKM,Low
ENSG00000002016,RAD52,endometrium,5.10,FPKM,Low
ENSG00000002016,RAD52,esophagus,1.60,FPKM,Low
ENSG00000002016,RAD52,fallopian tube,5.50,FPKM,Low
ENSG00000002016,RAD52,gallbladder,2.50,FPKM,Low
ENSG00000002016,RAD52,heart muscle,1.40,FPKM,Low
ENSG00000002016,RAD52,kidney,3.10,FPKM,Low
ENSG00000002016,RAD52,liver,1.50,FPKM,Low
ENSG00000002016,RAD52,lung,3.40,FPKM,Low
ENSG00000002016,RAD52,lymph node,3.90,FPKM,Low
ENSG00000002016,RAD52,ovary,6.40,FPKM,Low
ENSG00000002016,RAD52,pancreas,1.10,FPKM,Low
ENSG00000002016,RAD52,placenta,3.40,FPKM,Low
ENSG00000002016,RAD52,prostate,3.70,FPKM,Low
ENSG00000002016,RAD52,rectum,5.00,FPKM,Low
ENSG00000002016,RAD52,salivary gland,1.20,FPKM,Low
ENSG00000002016,RAD52,skeletal muscle,1.30,FPKM,Low
ENSG00000002016,RAD52,skin,4.60,FPKM,Low
ENSG00000002016,RAD52,small intestine,3.90,FPKM,Low
ENSG00000002016,RAD52,smooth muscle,4.10,FPKM,Low
ENSG00000002016,RAD52,spleen,3.30,FPKM,Low
ENSG00000002016,RAD52,stomach,3.20,FPKM,Low
ENSG00000002016,RAD52,testis,3.00,FPKM,Low
ENSG00000002016,RAD52,thyroid gland,5.70,FPKM,Low
ENSG00000002016,RAD52,tonsil,4.20,FPKM,Low
ENSG00000002016,RAD52,urinary bladder,3.90,FPKM,Low
ENSG00000002330,BAD,adipose tissue,20.50,FPKM,Medium
ENSG00000002330,BAD,adrenal gland,16.40,FPKM,Medium
ENSG00000002330,BAD,appendix,9.30,FPKM,Low
ENSG00000002330,BAD,bone marrow,12.00,FPKM,Medium
ENSG00000002330,BAD,cerebral cortex,22.00,FPKM,Medium
ENSG00000002330,BAD,colon,24.90,FPKM,Medium
ENSG00000002330,BAD,duodenum,17.10,FPKM,Medium
ENSG00000002330,BAD,endometrium,12.20,FPKM,Medium
ENSG00000002330,BAD,esophagus,10.50,FPKM,Medium
ENSG00000002330,BAD,fallopian tube,25.80,FPKM,Medium
ENSG00000002330,BAD,gallbladder,14.90,FPKM,Medium
ENSG00000002330,BAD,heart muscle,17.50,FPKM,Medium
ENSG00000002330,BAD,kidney,25.00,FPKM,Medium
ENSG00000002330,BAD,liver,13.00,FPKM,Medium
ENSG00000002330,BAD,lung,20.60,FPKM,Medium
ENSG00000002330,BAD,lymph node,10.50,FPKM,Medium
ENSG00000002330,BAD,ovary,12.30,FPKM,Medium
ENSG00000002330,BAD,pancreas,6.30,FPKM,Low
ENSG00000002330,BAD,placenta,21.70,FPKM,Medium
ENSG00000002330,BAD,prostate,29.70,FPKM,Medium
ENSG00000002330,BAD,rectum,10.30,FPKM,Medium
ENSG00000002330,BAD,salivary gland,22.00,FPKM,Medium
ENSG00000002330,BAD,skeletal muscle,8.50,FPKM,Low
ENSG00000002330,BAD,skin,15.20,FPKM,Medium
ENSG00000002330,BAD,small intestine,17.00,FPKM,Medium
ENSG00000002330,BAD,smooth muscle,11.50,FPKM,Medium
ENSG00000002330,BAD,spleen,16.40,FPKM,Medium
ENSG00000002330,BAD,stomach,37.00,FPKM,Medium
ENSG00000002330,BAD,testis,19.00,FPKM,Medium
ENSG00000002330,BAD,thyroid gland,13.80,FPKM,Medium
ENSG00000002330,BAD,tonsil,9.10,FPKM,Low
ENSG00000002330,BAD,urinary bladder,12.90,FPKM,Medium
ENSG00000002549,LAP3,adipose tissue,66.80,FPKM,High
ENSG00000002549,LAP3,adrenal gland,43.30,FPKM,Medium
ENSG00000002549,LAP3,appendix,114.40,FPKM,High
ENSG00000002549,LAP3,bone marrow,28.80,FPKM,Medium
ENSG00000002549,LAP3,cerebral cortex,32.50,FPKM,Medium
ENSG00000002549,LAP3,colon,50.70,FPKM,High
ENSG00000002549,LAP3,duodenum,57.80,FPKM,High
ENSG00000002549,LAP3,endometrium,31.90,FPKM,Medium
ENSG00000002549,LAP3,esophagus,36.00,FPKM,Medium
ENSG00000002549,LAP3,fallopian tube,45.10,FPKM,Medium
ENSG00000002549,LAP3,gallbladder,62.70,FPKM,High
ENSG00000002549,LAP3,heart muscle,33.60,FPKM,Medium
ENSG00000002549,LAP3,kidney,71.20,FPKM,High
ENSG00000002549,LAP3,liver,68.80,FPKM,High
ENSG00000002549,LAP3,lung,81.70,FPKM,High
ENSG00000002549,LAP3,lymph node,120.70,FPKM,High
ENSG00000002549,LAP3,ovary,19.60,FPKM,Medium
ENSG00000002549,LAP3,pancreas,6.30,FPKM,Low
ENSG00000002549,LAP3,placenta,51.70,FPKM,High
ENSG00000002549,LAP3,prostate,30.30,FPKM,Medium
ENSG00000002549,LAP3,rectum,50.20,FPKM,High
ENSG00000002549,LAP3,salivary gland,31.60,FPKM,Medium
ENSG00000002549,LAP3,skeletal muscle,16.10,FPKM,Medium
ENSG00000002549,LAP3,skin,22.30,FPKM,Medium
ENSG00000002549,LAP3,small intestine,46.20,FPKM,Medium
ENSG00000002549,LAP3,smooth muscle,58.90,FPKM,High
ENSG00000002549,LAP3,spleen,70.30,FPKM,High
ENSG00000002549,LAP3,stomach,39.60,FPKM,Medium
ENSG00000002549,LAP3,testis,46.50,FPKM,Medium
ENSG00000002549,LAP3,thyroid gland,41.20,FPKM,Medium
ENSG00000002549,LAP3,tonsil,75.40,FPKM,High
ENSG00000002549,LAP3,urinary bladder,65.80,FPKM,High
ENSG00000002586,CD99,adipose tissue,174.10,FPKM,High
ENSG00000002586,CD99,adrenal gland,62.30,FPKM,High
ENSG00000002586,CD99,appendix,90.10,FPKM,High
ENSG00000002586,CD99,bone marrow,48.70,FPKM,Medium
ENSG00000002586,CD99,cerebral cortex,62.10,FPKM,High
ENSG00000002586,CD99,colon,130.00,FPKM,High
ENSG00000002586,CD99,duodenum,96.30,FPKM,High
ENSG00000002586,CD99,endometrium,159.80,FPKM,High
ENSG00000002586,CD99,esophagus,146.70,FPKM,High
ENSG00000002586,CD99,fallopian tube,152.90,FPKM,High
ENSG00000002586,CD99,gallbladder,239.40,FPKM,High
ENSG00000002586,CD99,heart muscle,107.40,FPKM,High
ENSG00000002586,CD99,kidney,35.80,FPKM,Medium
ENSG00000002586,CD99,liver,71.20,FPKM,High
ENSG00000002586,CD99,lung,113.60,FPKM,High
ENSG00000002586,CD99,lymph node,106.70,FPKM,High
ENSG00000002586,CD99,ovary,195.20,FPKM,High
ENSG00000002586,CD99,pancreas,42.60,FPKM,Medium
ENSG00000002586,CD99,placenta,132.80,FPKM,High
ENSG00000002586,CD99,prostate,196.90,FPKM,High
ENSG00000002586,CD99,rectum,114.90,FPKM,High
ENSG00000002586,CD99,salivary gland,40.70,FPKM,Medium
ENSG00000002586,CD99,skeletal muscle,30.80,FPKM,Medium
ENSG00000002586,CD99,skin,111.50,FPKM,High
ENSG00000002586,CD99,small intestine,118.20,FPKM,High
ENSG00000002586,CD99,smooth muscle,174.80,FPKM,High
ENSG00000002586,CD99,spleen,110.70,FPKM,High
ENSG00000002586,CD99,stomach,74.10,FPKM,High
ENSG00000002586,CD99,testis,189.70,FPKM,High
ENSG00000002586,CD99,thyroid gland,52.30,FPKM,High
ENSG00000002586,CD99,tonsil,96.40,FPKM,High
ENSG00000002586,CD99,urinary bladder,160.10,FPKM,High
ENSG00000002587,HS3ST1,adipose tissue,0.40,FPKM,Not detected
ENSG00000002587,HS3ST1,adrenal gland,1.20,FPKM,Low
ENSG00000002587,HS3ST1,appendix,0.80,FPKM,Low
ENSG00000002587,HS3ST1,bone marrow,0.40,FPKM,Not detected
ENSG00000002587,HS3ST1,cerebral cortex,1.00,FPKM,Low
ENSG00000002587,HS3ST1,colon,1.40,FPKM,Low
ENSG00000002587,HS3ST1,duodenum,1.00,FPKM,Low
ENSG00000002587,HS3ST1,endometrium,1.30,FPKM,Low
ENSG00000002587,HS3ST1,esophagus,2.50,FPKM,Low
ENSG00000002587,HS3ST1,fallopian tube,1.20,FPKM,Low
ENSG00000002587,HS3ST1,gallbladder,7.30,FPKM,Low
ENSG00000002587,HS3ST1,heart muscle,0.30,FPKM,Not detected
ENSG00000002587,HS3ST1,kidney,1.10,FPKM,Low
ENSG00000002587,HS3ST1,liver,0.00,FPKM,Not detected
ENSG00000002587,HS3ST1,lung,0.70,FPKM,Low
ENSG00000002587,HS3ST1,lymph node,0.80,FPKM,Low
ENSG00000002587,HS3ST1,ovary,15.00,FPKM,Medium
ENSG00000002587,HS3ST1,pancreas,0.10,FPKM,Not detected
ENSG00000002587,HS3ST1,placenta,0.30,FPKM,Not detected
ENSG00000002587,HS3ST1,prostate,0.90,FPKM,Low
ENSG00000002587,HS3ST1,rectum,0.70,FPKM,Low
ENSG00000002587,HS3ST1,salivary gland,0.70,FPKM,Low
ENSG00000002587,HS3ST1,skeletal muscle,0.00,FPKM,Not detected
ENSG00000002587,HS3ST1,skin,0.10,FPKM,Not detected
ENSG00000002587,HS3ST1,small intestine,0.70,FPKM,Low
ENSG00000002587,HS3ST1,smooth muscle,0.70,FPKM,Low
ENSG00000002587,HS3ST1,spleen,1.40,FPKM,Low
ENSG00000002587,HS3ST1,stomach,3.10,FPKM,Low
ENSG00000002587,HS3ST1,testis,0.60,FPKM,Low
ENSG00000002587,HS3ST1,thyroid gland,0.30,FPKM,Not detected
ENSG00000002587,HS3ST1,tonsil,0.90,FPKM,Low
ENSG00000002587,HS3ST1,urinary bladder,3.30,FPKM,Low
ENSG00000002726,AOC1,adipose tissue,0.30,FPKM,Not detected
ENSG00000002726,AOC1,adrenal gland,0.00,FPKM,Not detected
ENSG00000002726,AOC1,appendix,11.30,FPKM,Medium
ENSG00000002726,AOC1,bone marrow,0.70,FPKM,Low
ENSG00000002726,AOC1,cerebral cortex,0.10,FPKM,Not detected
ENSG00000002726,AOC1,colon,127.30,FPKM,High
ENSG00000002726,AOC1,duodenum,141.20,FPKM,High
ENSG00000002726,AOC1,endometrium,1.90,FPKM,Low
ENSG00000002726,AOC1,esophagus,0.90,FPKM,Low
ENSG00000002726,AOC1,fallopian tube,0.10,FPKM,Not detected
ENSG00000002726,AOC1,gallbladder,1.60,FPKM,Low
ENSG00000002726,AOC1,heart muscle,0.20,FPKM,Not detected
ENSG00000002726,AOC1,kidney,168.40,FPKM,High
ENSG00000002726,AOC1,liver,1.00,FPKM,Low
ENSG00000002726,AOC1,lung,0.30,FPKM,Not detected
ENSG00000002726,AOC1,lymph node,0.90,FPKM,Low
ENSG00000002726,AOC1,ovary,0.20,FPKM,Not detected
ENSG00000002726,AOC1,pancreas,0.30,FPKM,Not detected
ENSG00000002726,AOC1,placenta,427.90,FPKM,High
ENSG00000002726,AOC1,prostate,4.20,FPKM,Low
ENSG00000002726,AOC1,rectum,82.50,FPKM,High
ENSG00000002726,AOC1,salivary gland,0.20,FPKM,Not detected
ENSG00000002726,AOC1,skeletal muscle,0.00,FPKM,Not detected
ENSG00000002726,AOC1,skin,0.90,FPKM,Low
ENSG00000002726,AOC1,small intestine,178.10,FPKM,High
ENSG00000002726,AOC1,smooth muscle,3.20,FPKM,Low
ENSG00000002726,AOC1,spleen,0.30,FPKM,Not detected
ENSG00000002726,AOC1,stomach,17.40,FPKM,Medium
ENSG00000002726,AOC1,testis,2.30,FPKM,Low
ENSG00000002726,AOC1,thyroid gland,0.10,FPKM,Not detected
ENSG00000002726,AOC1,tonsil,3.40,FPKM,Low
ENSG00000002726,AOC1,urinary bladder,1.30,FPKM,Low
ENSG00000002745,WNT16,adipose tissue,0.00,FPKM,Not detected
ENSG00000002745,WNT16,adrenal gland,0.20,FPKM,Not detected
ENSG00000002745,WNT16,appendix,0.30,FPKM,Not detected
ENSG00000002745,WNT16,bone marrow,0.00,FPKM,Not detected
ENSG00000002745,WNT16,cerebral cortex,0.20,FPKM,Not detected
ENSG00000002745,WNT16,colon,0.10,FPKM,Not detected
ENSG00000002745,WNT16,duodenum,0.10,FPKM,Not detected
ENSG00000002745,WNT16,endometrium,0.00,FPKM,Not detected
ENSG00000002745,WNT16,esophagus,0.10,FPKM,Not detected
ENSG00000002745,WNT16,fallopian tube,0.20,FPKM,Not detected
ENSG00000002745,WNT16,gallbladder,0.20,FPKM,Not detected
ENSG00000002745,WNT16,heart muscle,0.00,FPKM,Not detected
ENSG00000002745,WNT16,kidney,0.00,FPKM,Not detected
ENSG00000002745,WNT16,liver,0.00,FPKM,Not detected
ENSG00000002745,WNT16,lung,0.00,FPKM,Not detected
ENSG00000002745,WNT16,lymph node,0.70,FPKM,Low
ENSG00000002745,WNT16,ovary,0.00,FPKM,Not detected
ENSG00000002745,WNT16,pancreas,0.00,FPKM,Not detected
ENSG00000002745,WNT16,placenta,0.40,FPKM,Not detected
ENSG00000002745,WNT16,prostate,0.50,FPKM,Low
ENSG00000002745,WNT16,rectum,0.20,FPKM,Not detected
ENSG00000002745,WNT16,salivary gland,0.00,FPKM,Not detected
ENSG00000002745,WNT16,skeletal muscle,0.00,FPKM,Not detected
ENSG00000002745,WNT16,skin,14.00,FPKM,Medium
ENSG00000002745,WNT16,small intestine,0.10,FPKM,Not detected
ENSG00000002745,WNT16,smooth muscle,0.10,FPKM,Not detected
ENSG00000002745,WNT16,spleen,0.60,FPKM,Low
ENSG00000002745,WNT16,stomach,0.00,FPKM,Not detected
ENSG00000002745,WNT16,testis,0.00,FPKM,Not detected
ENSG00000002745,WNT16,thyroid gland,0.00,FPKM,Not detected
ENSG00000002745,WNT16,tonsil,0.30,FPKM,Not detected
ENSG00000002745,WNT16,urinary bladder,0.20,FPKM,Not detected
ENSG00000002746,HECW1,adipose tissue,0.00,FPKM,Not detected
ENSG00000002746,HECW1,adrenal gland,0.00,FPKM,Not detected
ENSG00000002746,HECW1,appendix,0.10,FPKM,Not detected
ENSG00000002746,HECW1,bone marrow,0.00,FPKM,Not detected
ENSG00000002746,HECW1,cerebral cortex,5.00,FPKM,Low
ENSG00000002746,HECW1,colon,0.10,FPKM,Not detected
ENSG00000002746,HECW1,duodenum,0.00,FPKM,Not detected
ENSG00000002746,HECW1,endometrium,0.10,FPKM,Not detected
ENSG00000002746,HECW1,esophagus,0.10,FPKM,Not detected
ENSG00000002746,HECW1,fallopian tube,0.00,FPKM,Not detected
ENSG00000002746,HECW1,gallbladder,1.00,FPKM,Low
ENSG00000002746,HECW1,heart muscle,0.00,FPKM,Not detected
ENSG00000002746,HECW1,kidney,6.30,FPKM,Low
ENSG00000002746,HECW1,liver,0.00,FPKM,Not detected
ENSG00000002746,HECW1,lung,0.00,FPKM,Not detected
ENSG00000002746,HECW1,lymph node,0.00,FPKM,Not detected
ENSG00000002746,HECW1,ovary,0.10,FPKM,Not detected
ENSG00000002746,HECW1,pancreas,0.00,FPKM,Not detected
ENSG00000002746,HECW1,placenta,0.00,FPKM,Not detected
ENSG00000002746,HECW1,prostate,1.00,FPKM,Low
ENSG00000002746,HECW1,rectum,0.00,FPKM,Not detected
ENSG00000002746,HECW1,salivary gland,0.00,FPKM,Not detected
ENSG00000002746,HECW1,skeletal muscle,0.10,FPKM,Not detected
ENSG00000002746,HECW1,skin,0.00,FPKM,Not detected
ENSG00000002746,HECW1,small intestine,0.00,FPKM,Not detected
ENSG00000002746,HECW1,smooth muscle,0.00,FPKM,Not detected
ENSG00000002746,HECW1,spleen,0.00,FPKM,Not detected
ENSG00000002746,HECW1,stomach,0.00,FPKM,Not detected
ENSG00000002746,HECW1,testis,1.00,FPKM,Low
ENSG00000002746,HECW1,thyroid gland,0.00,FPKM,Not detected
ENSG00000002746,HECW1,tonsil,0.00,FPKM,Not detected
ENSG00000002746,HECW1,urinary bladder,0.30,FPKM,Not detected
ENSG00000002822,MAD1L1,adipose tissue,6.50,FPKM,Low
ENSG00000002822,MAD1L1,adrenal gland,4.50,FPKM,Low
ENSG00000002822,MAD1L1,appendix,10.40,FPKM,Medium
ENSG00000002822,MAD1L1,bone marrow,9.10,FPKM,Low
ENSG00000002822,MAD1L1,cerebral cortex,7.20,FPKM,Low
ENSG00000002822,MAD1L1,colon,5.40,FPKM,Low
ENSG00000002822,MAD1L1,duodenum,4.90,FPKM,Low
ENSG00000002822,MAD1L1,endometrium,6.60,FPKM,Low
ENSG00000002822,MAD1L1,esophagus,7.20,FPKM,Low
ENSG00000002822,MAD1L1,fallopian tube,8.00,FPKM,Low
ENSG00000002822,MAD1L1,gallbladder,7.60,FPKM,Low
ENSG00000002822,MAD1L1,heart muscle,5.60,FPKM,Low
ENSG00000002822,MAD1L1,kidney,5.00,FPKM,Low
ENSG00000002822,MAD1L1,liver,4.10,FPKM,Low
ENSG00000002822,MAD1L1,lung,11.00,FPKM,Medium
ENSG00000002822,MAD1L1,lymph node,20.20,FPKM,Medium
ENSG00000002822,MAD1L1,ovary,5.80,FPKM,Low
ENSG00000002822,MAD1L1,pancreas,1.40,FPKM,Low
ENSG00000002822,MAD1L1,placenta,7.20,FPKM,Low
ENSG00000002822,MAD1L1,prostate,6.30,FPKM,Low
ENSG00000002822,MAD1L1,rectum,4.20,FPKM,Low
ENSG00000002822,MAD1L1,salivary gland,4.40,FPKM,Low
ENSG00000002822,MAD1L1,skeletal muscle,4.40,FPKM,Low
ENSG00000002822,MAD1L1,skin,11.70,FPKM,Medium
ENSG00000002822,MAD1L1,small intestine,5.10,FPKM,Low
ENSG00000002822,MAD1L1,smooth muscle,7.60,FPKM,Low
ENSG00000002822,MAD1L1,spleen,16.50,FPKM,Medium
ENSG00000002822,MAD1L1,stomach,6.20,FPKM,Low
ENSG00000002822,MAD1L1,testis,11.80,FPKM,Medium
ENSG00000002822,MAD1L1,thyroid gland,6.60,FPKM,Low
ENSG00000002822,MAD1L1,tonsil,11.20,FPKM,Medium
ENSG00000002822,MAD1L1,urinary bladder,9.50,FPKM,Low
ENSG00000002834,LASP1,adipose tissue,59.00,FPKM,High
ENSG00000002834,LASP1,adrenal gland,22.20,FPKM,Medium
ENSG00000002834,LASP1,appendix,62.00,FPKM,High
ENSG00000002834,LASP1,bone marrow,62.90,FPKM,High
ENSG00000002834,LASP1,cerebral cortex,36.30,FPKM,Medium
ENSG00000002834,LASP1,colon,73.90,FPKM,High
ENSG00000002834,LASP1,duodenum,88.70,FPKM,High
ENSG00000002834,LASP1,endometrium,34.90,FPKM,Medium
ENSG00000002834,LASP1,esophagus,26.30,FPKM,Medium
ENSG00000002834,LASP1,fallopian tube,45.70,FPKM,Medium
ENSG00000002834,LASP1,gallbladder,53.40,FPKM,High
ENSG00000002834,LASP1,heart muscle,12.50,FPKM,Medium
ENSG00000002834,LASP1,kidney,35.90,FPKM,Medium
ENSG00000002834,LASP1,liver,26.00,FPKM,Medium
ENSG00000002834,LASP1,lung,57.00,FPKM,High
ENSG00000002834,LASP1,lymph node,59.70,FPKM,High
ENSG00000002834,LASP1,ovary,38.10,FPKM,Medium
ENSG00000002834,LASP1,pancreas,9.40,FPKM,Low
ENSG00000002834,LASP1,placenta,58.70,FPKM,High
ENSG00000002834,LASP1,prostate,20.10,FPKM,Medium
ENSG00000002834,LASP1,rectum,73.30,FPKM,High
ENSG00000002834,LASP1,salivary gland,17.30,FPKM,Medium
ENSG00000002834,LASP1,skeletal muscle,5.50,FPKM,Low
ENSG00000002834,LASP1,skin,30.00,FPKM,Medium
ENSG00000002834,LASP1,small intestine,117.10,FPKM,High
ENSG00000002834,LASP1,smooth muscle,41.00,FPKM,Medium
ENSG00000002834,LASP1,spleen,60.20,FPKM,High
ENSG00000002834,LASP1,stomach,67.70,FPKM,High
ENSG00000002834,LASP1,testis,19.50,FPKM,Medium
ENSG00000002834,LASP1,thyroid gland,21.70,FPKM,Medium
ENSG00000002834,LASP1,tonsil,62.30,FPKM,High
ENSG00000002834,LASP1,urinary bladder,50.80,FPKM,High
ENSG00000002919,SNX11,adipose tissue,10.30,FPKM,Medium
ENSG00000002919,SNX11,adrenal gland,8.00,FPKM,Low
ENSG00000002919,SNX11,appendix,15.40,FPKM,Medium
ENSG00000002919,SNX11,bone marrow,11.00,FPKM,Medium
ENSG00000002919,SNX11,cerebral cortex,8.80,FPKM,Low
ENSG00000002919,SNX11,colon,10.40,FPKM,Medium
ENSG00000002919,SNX11,duodenum,6.00,FPKM,Low
ENSG00000002919,SNX11,endometrium,8.40,FPKM,Low
ENSG00000002919,SNX11,esophagus,14.30,FPKM,Medium
ENSG00000002919,SNX11,fallopian tube,9.40,FPKM,Low
ENSG00000002919,SNX11,gallbladder,9.00,FPKM,Low
ENSG00000002919,SNX11,heart muscle,5.50,FPKM,Low
ENSG00000002919,SNX11,kidney,9.30,FPKM,Low
ENSG00000002919,SNX11,liver,4.00,FPKM,Low
ENSG00000002919,SNX11,lung,11.20,FPKM,Medium
ENSG00000002919,SNX11,lymph node,17.80,FPKM,Medium
ENSG00000002919,SNX11,ovary,6.30,FPKM,Low
ENSG00000002919,SNX11,pancreas,2.50,FPKM,Low
ENSG00000002919,SNX11,placenta,9.70,FPKM,Low
ENSG00000002919,SNX11,prostate,7.80,FPKM,Low
ENSG00000002919,SNX11,rectum,10.70,FPKM,Medium
ENSG00000002919,SNX11,salivary gland,5.50,FPKM,Low
ENSG00000002919,SNX11,skeletal muscle,2.80,FPKM,Low
ENSG00000002919,SNX11,skin,6.60,FPKM,Low
ENSG00000002919,SNX11,small intestine,7.30,FPKM,Low
ENSG00000002919,SNX11,smooth muscle,12.90,FPKM,Medium
ENSG00000002919,SNX11,spleen,15.00,FPKM,Medium
ENSG00000002919,SNX11,stomach,7.30,FPKM,Low
ENSG00000002919,SNX11,testis,10.50,FPKM,Medium
ENSG00000002919,SNX11,thyroid gland,17.70,FPKM,Medium
ENSG00000002919,SNX11,tonsil,23.10,FPKM,Medium
ENSG00000002919,SNX11,urinary bladder,12.70,FPKM,Medium
ENSG00000002933,TMEM176A,adipose tissue,52.30,FPKM,High
ENSG00000002933,TMEM176A,adrenal gland,29.80,FPKM,Medium
ENSG00000002933,TMEM176A,appendix,112.20,FPKM,High
ENSG00000002933,TMEM176A,bone marrow,3.40,FPKM,Low
ENSG00000002933,TMEM176A,cerebral cortex,11.60,FPKM,Medium
ENSG00000002933,TMEM176A,colon,108.30,FPKM,High
ENSG00000002933,TMEM176A,duodenum,87.50,FPKM,High
ENSG00000002933,TMEM176A,endometrium,17.50,FPKM,Medium
ENSG00000002933,TMEM176A,esophagus,24.50,FPKM,Medium
ENSG00000002933,TMEM176A,fallopian tube,29.60,FPKM,Medium
ENSG00000002933,TMEM176A,gallbladder,138.30,FPKM,High
ENSG00000002933,TMEM176A,heart muscle,30.30,FPKM,Medium
ENSG00000002933,TMEM176A,kidney,223.60,FPKM,High
ENSG00000002933,TMEM176A,liver,339.30,FPKM,High
ENSG00000002933,TMEM176A,lung,35.00,FPKM,Medium
ENSG00000002933,TMEM176A,lymph node,74.50,FPKM,High
ENSG00000002933,TMEM176A,ovary,65.00,FPKM,High
ENSG00000002933,TMEM176A,pancreas,4.60,FPKM,Low
ENSG00000002933,TMEM176A,placenta,54.30,FPKM,High
ENSG00000002933,TMEM176A,prostate,6.50,FPKM,Low
ENSG00000002933,TMEM176A,rectum,124.40,FPKM,High
ENSG00000002933,TMEM176A,salivary gland,5.20,FPKM,Low
ENSG00000002933,TMEM176A,skeletal muscle,1.00,FPKM,Low
ENSG00000002933,TMEM176A,skin,7.60,FPKM,Low
ENSG00000002933,TMEM176A,small intestine,156.70,FPKM,High
ENSG00000002933,TMEM176A,smooth muscle,37.10,FPKM,Medium
ENSG00000002933,TMEM176A,spleen,29.30,FPKM,Medium
ENSG00000002933,TMEM176A,stomach,31.90,FPKM,Medium
ENSG00000002933,TMEM176A,testis,7.70,FPKM,Low
ENSG00000002933,TMEM176A,thyroid gland,4.30,FPKM,Low
ENSG00000002933,TMEM176A,tonsil,55.40,FPKM,High
ENSG00000002933,TMEM176A,urinary bladder,94.30,FPKM,High
ENSG00000003056,M6PR,adipose tissue,50.70,FPKM,High
ENSG00000003056,M6PR,adrenal gland,40.20,FPKM,Medium
ENSG00000003056,M6PR,appendix,77.10,FPKM,High
ENSG00000003056,M6PR,bone marrow,46.80,FPKM,Medium
ENSG00000003056,M6PR,cerebral cortex,35.10,FPKM,Medium
ENSG00000003056,M6PR,colon,49.20,FPKM,Medium
ENSG00000003056,M6PR,duodenum,31.80,FPKM,Medium
ENSG00000003056,M6PR,endometrium,54.70,FPKM,High
